{
  "project_info": {
    "project_number": "63826042173",
    "project_id": "notespro-b6ef3",
    "storage_bucket": "notespro-b6ef3.appspot.com"
  },
  "client": [
    {
      "client_info": {
        "mobilesdk_app_id": "1:63826042173:android:6ebbb69a1ecb3c60813954",
        "android_client_info": {
          "package_name": "com.example.notespro"
        }
      },
      "oauth_client": [
        {
          "client_id": "63826042173-m5burdtd9j8mm4g25o55jsvffi71cchh.apps.googleusercontent.com",
          "client_type": 3
        }
      ],
      "api_key": [
        {
          "current_key": "AIzaSyC8Pab-FM74EayMMqqpA8Y7oiNQzrTCDk0"
        }
      ],
      "services": {
        "appinvite_service": {
          "other_platform_oauth_client": [
            {
              "client_id": "63826042173-m5burdtd9j8mm4g25o55jsvffi71cchh.apps.googleusercontent.com",
              "client_type": 3
            }
          ]
        }
      }
    }
  ],
  "configuration_version": "1"
}